{
    "mae": 2.150878086503616,
    "rmse": 2.6593335943453944,
    "r2": 0.845405330286819,
    "n_predictions": 2859
}